Rk,Player,WS,From,To,Age,G,GS,AS,MP,FG,FGA,2P,2PA,3P,3PA,FT,FTA,ORB,DRB,TRB,AST,STL,BLK,TOV,PF,PTS,FG%,2P%,3P%,FT%,TS%,eFG%,Pos,Team
1,Kareem Abdul-Jabbar,273.4,1969-70,1988-89,22-41,1560,789,19,36.8,10.2,18.1,10.2,18.1,0,0,4.3,6,2.4,9.3,11.2,3.6,0.9,2.6,2.7,3,24.6,0.559,0.56,0.056,0.721,0.592,0.559,C,"LAL,MIL"
2,LeBron James,269.9,2003-04,2024-25,19-40,1546,1544,21,37.8,9.9,19.6,8.3,14.9,1.6,4.7,5.5,7.5,1.2,6.4,7.5,7.4,1.5,0.7,3.5,1.8,27.1,0.507,0.556,0.35,0.736,0.59,0.548,F-G,"CLE,LAL,MIA"
3,Wilt Chamberlain,247.3,1959-60,1972-73,23-36,1045,,13,45.8,12.1,22.5,12.1,22.5,,,5.8,11.4,,,22.9,4.4,,,,2,30.1,0.54,0.54,,0.511,0.547,0.54,C,"LAL,PHI,PHW,SFW"
4,Karl Malone,234.6,1985-86,2003-04,22-40,1476,1471,14,37.2,9.2,17.8,9.1,17.5,0.1,0.2,6.6,8.9,2.4,7.7,10.1,3.6,1.4,0.8,3.1,3.1,25,0.516,0.519,0.274,0.742,0.577,0.518,F,"LAL,UTA"
5,Chris Paul,214,2005-06,2024-25,20-39,1329,1289,12,33.8,6.1,12.9,4.7,9.2,1.4,3.7,3.6,4.2,0.6,3.8,4.4,9.3,2,0.2,2.3,2.4,17.2,0.469,0.51,0.368,0.871,0.581,0.522,G,"GSW,HOU,LAC,NOH,NOK,OKC,PHO,SAS"
6,Michael Jordan,214,1984-85,2002-03,21-39,1072,1039,14,38.3,11.4,22.9,10.8,21.2,0.5,1.7,6.8,8.2,1.6,4.7,6.2,5.3,2.3,0.8,2.7,2.6,30.1,0.497,0.51,0.327,0.835,0.569,0.509,G-F,"CHI,WAS"
7,John Stockton,207.7,1984-85,2002-03,22-40,1504,1300,10,31.8,4.7,9.1,4.1,7.6,0.6,1.5,3.2,3.9,0.6,2.1,2.7,10.5,2.2,0.2,2.8,2.6,13.1,0.515,0.541,0.384,0.826,0.608,0.546,G,UTA
8,Tim Duncan,206.4,1997-98,2015-16,21-39,1392,1389,15,34,7.4,14.6,7.4,14.5,0,0.1,4.2,6.1,2.8,8.1,10.8,3,0.7,2.2,2.4,2.4,19,0.506,0.509,0.179,0.696,0.551,0.507,F-C,SAS
9,Dirk Nowitzki,206.3,1998-99,2018-19,20-40,1522,1460,14,33.8,7.3,15.6,6,12.2,1.3,3.4,4.8,5.4,1,6.6,7.5,2.4,0.8,0.8,1.6,2.4,20.7,0.471,0.496,0.38,0.879,0.577,0.512,F-C,DAL
10,Kevin Garnett,191.4,1995-96,2015-16,19-39,1462,1425,15,34.5,7.2,14.5,7.1,14,0.1,0.4,3.3,4.2,2.2,7.8,10,3.7,1.3,1.4,2.2,2.4,17.8,0.497,0.504,0.275,0.789,0.546,0.501,F-C,"BOS,BRK,MIN"
11,Oscar Robertson,189.2,1960-61,1973-74,22-35,1040,,12,42.2,9.1,18.9,9.1,18.9,,,7.4,8.8,1,7.4,7.5,9.5,1.1,0.1,,2.8,25.7,0.485,0.485,,0.838,0.564,0.485,G-F,"CIN,MIL"
12,Shaquille O'Neal,181.7,1992-93,2010-11,20-38,1207,1197,15,34.7,9.4,16.1,9.4,16.1,0,0,4.9,9.3,3.5,7.4,10.9,2.5,0.6,2.3,2.7,3.4,23.7,0.582,0.583,0.045,0.527,0.586,0.582,C,"BOS,CLE,LAL,MIA,ORL,PHO"
13,David Robinson,178.7,1989-90,2002-03,24-37,987,985,10,34.7,7.5,14.4,7.4,14.3,0,0.1,6.1,8.3,3.1,7.5,10.6,2.5,1.4,3,2.4,2.9,21.1,0.518,0.52,0.25,0.736,0.583,0.519,C,SAS
14,Charles Barkley,177.2,1984-85,1999-00,21-36,1073,1012,11,36.7,7.9,14.5,7.4,12.7,0.5,1.9,5.9,8.1,4,7.7,11.7,3.9,1.5,0.8,3.1,3.1,22.1,0.541,0.581,0.266,0.735,0.612,0.558,F,"HOU,PHI,PHO"
15,Kevin Durant,174.5,2007-08,2024-25,19-36,1108,1105,15,36.7,9.4,18.7,7.5,13.7,1.9,5,6.5,7.4,0.7,6.3,7,4.4,1.1,1.1,3.2,1.9,27.2,0.502,0.543,0.388,0.882,0.62,0.554,F-G,"BRK,GSW,OKC,PHO,SEA"
16,Reggie Miller,174.4,1987-88,2004-05,22-39,1389,1304,5,34.3,5.9,12.6,4.1,7.9,1.8,4.7,4.5,5.1,0.6,2.4,3,3,1.1,0.2,1.7,2,18.2,0.471,0.516,0.395,0.888,0.614,0.544,G-F,IND
17,Kobe Bryant,172.7,1996-97,2015-16,18-37,1346,1198,18,36.1,8.7,19.5,7.3,15.3,1.4,4.1,6.2,7.4,1.1,4.1,5.2,4.7,1.4,0.5,3,2.5,25,0.447,0.479,0.329,0.837,0.55,0.482,G-F,LAL
18,James Harden,170.7,2009-10,2024-25,20-35,1128,914,11,34.7,7.1,16.2,4.3,8.6,2.8,7.6,7.1,8.2,0.8,4.9,5.6,7.2,1.5,0.6,3.7,2.5,24,0.439,0.506,0.362,0.861,0.607,0.524,G,"BRK,HOU,LAC,OKC,PHI"
19,Moses Malone,167.1,1976-77,1994-95,21-39,1329,948,12,33.9,7.1,14.5,7.1,14.4,0,0.1,6.4,8.3,5.1,7.1,12.2,1.4,0.8,1.3,3.1,2.3,20.6,0.491,0.492,0.1,0.769,0.569,0.491,C-F,"ATL,BUF,HOU,MIL,PHI,SAS,WSB"
20,Bill Russell,163.5,1956-57,1968-69,22-34,963,,12,42.3,5.9,13.4,5.9,13.4,,,3.3,5.8,,,22.5,4.3,,,,2.7,15.1,0.44,0.44,,0.561,0.471,0.44,C,BOS
21,Hakeem Olajuwon,162.8,1984-85,2001-02,22-39,1238,1186,12,35.7,8.7,17,8.7,16.9,0,0.1,4.4,6.2,3.3,7.8,11.1,2.5,1.7,3.1,3,3.5,21.8,0.512,0.514,0.202,0.712,0.553,0.513,C,"HOU,TOR"
22,Jerry West,162.6,1960-61,1973-74,22-35,932,,14,39.2,9.7,20.4,9.7,20.4,,,7.7,9.4,1,5.7,5.8,6.7,2.6,0.7,,2.6,27,0.474,0.474,,0.814,0.55,0.474,G,LAL
23,Magic Johnson,155.8,1979-80,1995-96,20-36,906,763,11,36.7,6.9,13.2,6.5,12,0.4,1.2,5.5,6.5,1.8,5.5,7.2,11.2,1.9,0.4,3.9,2.3,19.5,0.52,0.541,0.303,0.848,0.61,0.533,G-F,LAL
24,Paul Pierce,150,1998-99,2016-17,21-39,1343,1285,10,34.2,6.5,14.5,4.9,10.2,1.6,4.3,5.2,6.4,0.8,4.8,5.6,3.5,1.3,0.6,2.6,2.7,19.7,0.445,0.478,0.368,0.806,0.568,0.5,F-G,"BOS,BRK,LAC,WAS"
25,Robert Parish,147,1976-77,1996-97,23-43,1611,1138,9,28.4,6,11.1,6,11.1,0,0,2.5,3.5,2.9,6.3,9.1,1.4,0.8,1.5,2.1,2.8,14.5,0.537,0.537,0,0.721,0.571,0.537,C,"BOS,CHH,CHI,GSW"
26,Larry Bird,145.8,1979-80,1991-92,23-35,897,870,12,38.4,9.6,19.3,8.9,17.4,0.7,1.9,4.4,5,2,8,10,6.3,1.7,0.8,3.1,2.5,24.3,0.496,0.509,0.376,0.886,0.564,0.514,F,BOS
27,Gary Payton,145.5,1990-91,2006-07,22-38,1335,1233,9,35.3,6.5,14,5.7,11.3,0.8,2.7,2.4,3.4,1,2.9,3.9,6.7,1.8,0.2,2.3,2.4,16.3,0.466,0.501,0.317,0.729,0.528,0.496,G,"BOS,LAL,MIA,MIL,SEA"
28,Ray Allen,145.1,1996-97,2013-14,21-38,1300,1149,10,35.6,6.6,14.6,4.3,8.9,2.3,5.7,3.4,3.8,0.9,3.1,4.1,3.4,1.1,0.2,2.1,2.2,18.9,0.452,0.485,0.4,0.894,0.58,0.53,G,"BOS,MIA,MIL,SEA"
29,Pau Gasol,144.1,2001-02,2018-19,21-38,1226,1150,6,33.4,6.5,12.8,6.4,12.4,0.1,0.4,3.9,5.1,2.5,6.7,9.2,3.2,0.5,1.6,2.2,2.1,17,0.507,0.512,0.368,0.753,0.565,0.513,C-F,"CHI,LAL,MEM,MIL,SAS"
30,Dolph Schayes,142.4,1949-50,1963-64,21-35,996,,12,34.4,5.9,15.5,5.9,15.5,,,6.7,7.9,,,12.1,3.1,,,,3.4,18.5,0.38,0.38,,0.849,0.488,0.38,F-C,"PHI,SYR"
31,Dwight Howard,141.7,2004-05,2021-22,19-36,1242,1078,8,31.8,5.7,9.7,5.7,9.6,0,0.1,4.3,7.6,3.3,8.4,11.8,1.3,0.9,1.8,2.7,3.1,15.7,0.587,0.59,0.214,0.567,0.602,0.588,C,"ATL,CHO,HOU,LAL,ORL,PHI,WAS"
32,Stephen Curry,140.3,2009-10,2024-25,21-36,1006,1000,11,34.1,8.4,17.9,4.5,8.6,3.9,9.3,3.9,4.3,0.7,4.1,4.7,6.4,1.5,0.3,3.1,2.3,24.7,0.471,0.523,0.424,0.911,0.625,0.582,G,GSW
33,Jason Kidd,138.6,1994-95,2012-13,21-39,1391,1350,10,36,4.5,11.2,3,7.1,1.4,4.1,2.2,2.8,1.3,5,6.3,8.7,1.9,0.3,2.9,1.8,12.6,0.4,0.429,0.349,0.785,0.507,0.464,G,"DAL,NJN,NYK,PHO"
34,Bob Pettit,136,1954-55,1964-65,22-32,792,,11,38.8,9.3,21.3,9.3,21.3,,,7.8,10.3,,,16.2,3,,,,3.2,26.4,0.436,0.436,,0.761,0.511,0.436,F-C,"MLH,STL"
35,Clyde Drexler,135.6,1983-84,1997-98,21-35,1086,950,10,34.6,7.7,16.3,6.9,13.9,0.8,2.4,4.3,5.5,2.4,3.7,6.1,5.6,2,0.7,2.7,3,20.4,0.472,0.498,0.318,0.788,0.547,0.495,G,"HOU,POR"
36,Adrian Dantley,134.2,1976-77,1990-91,21-35,955,546,6,35.8,8.6,15.8,8.5,15.8,0,0.1,7.2,8.7,2.3,3.4,5.7,3,1,0.2,2.9,2.7,24.3,0.54,0.541,0.171,0.818,0.617,0.54,F-G,"BUF,DAL,DET,IND,LAL,MIL,UTA"
37,John Havlicek,131.7,1962-63,1977-78,22-37,1270,,13,36.6,8.3,18.8,8.3,18.8,,,4.2,5.2,1.5,5.8,6.3,4.8,1.2,0.3,2.5,2.6,20.8,0.439,0.439,,0.815,0.492,0.439,F-G,BOS
38,Walt Bellamy,130,1961-62,1974-75,22-35,1043,245,4,37.3,7.6,14.7,7.6,14.7,,,4.9,7.8,3.4,13.4,13.7,2.4,0.7,0.6,,3.4,20.1,0.516,0.516,,0.632,0.554,0.516,C,"ATL,BAL,CHP,CHZ,DET,NOJ,NYK"
39,Steve Nash,129.7,1996-97,2013-14,22-39,1217,1053,8,31.3,5.2,10.6,3.8,7.4,1.4,3.2,2.5,2.8,0.5,2.5,3,8.5,0.7,0.1,2.9,1.6,14.3,0.49,0.518,0.428,0.904,0.605,0.556,G,"DAL,LAL,PHO"
40,Patrick Ewing,126.4,1985-86,2001-02,23-39,1183,1122,11,34.3,8.2,16.3,8.2,16.2,0,0.1,4.6,6.2,2.3,7.5,9.8,1.9,1,2.4,3,3.4,21,0.504,0.507,0.152,0.74,0.553,0.505,C-F,"NYK,ORL,SEA"
41,Vince Carter,125.3,1998-99,2019-20,22-43,1541,982,8,30.1,6,13.8,4.5,9.8,1.5,4,3.1,3.9,1.1,3.2,4.3,3.1,1,0.6,1.7,2.6,16.7,0.435,0.462,0.371,0.798,0.536,0.489,G-F,"ATL,DAL,MEM,NJN,ORL,PHO,SAC,TOR"
42,Scottie Pippen,125.1,1987-88,2003-04,22-38,1178,1053,7,34.9,6.3,13.3,5.5,10.8,0.8,2.5,2.7,3.8,1.8,4.6,6.4,5.2,2,0.8,2.8,2.8,16.1,0.473,0.507,0.326,0.704,0.536,0.504,F-G,"CHI,HOU,POR"
43,Shawn Marion,124.9,1999-00,2014-15,21-36,1163,1062,4,34.5,6.3,12.9,5.6,10.9,0.7,2.1,2,2.5,2.3,6.3,8.7,1.9,1.5,1.1,1.5,2.2,15.2,0.484,0.513,0.331,0.81,0.542,0.51,F,"CLE,DAL,MIA,PHO,TOR"
44,Nikola Jokić,124.8,2015-16,2024-25,20-29,729,688,7,31.6,8.3,14.8,7.2,11.8,1.1,3,3.9,4.7,2.7,8.2,10.9,7.2,1.3,0.7,2.9,2.7,21.6,0.559,0.61,0.36,0.827,0.638,0.595,C-F,DEN
45,Chauncey Billups,120.8,1997-98,2013-14,21-37,1043,937,5,31.6,4.5,10.9,2.8,6.4,1.8,4.5,4.3,4.8,0.5,2.4,2.9,5.4,1,0.2,2,2.1,15.2,0.415,0.435,0.387,0.894,0.58,0.495,G,"BOS,DEN,DET,LAC,MIN,NYK,TOR"
46,Elvin Hayes,120.8,1968-69,1983-84,23-38,1303,129,12,38.4,8.4,18.6,8.4,18.6,0,0.1,4.1,6.1,3.1,10.4,12.5,1.8,1,2,2.4,3.2,21,0.452,0.453,0.147,0.67,0.491,0.452,F-C,"BAL,CAP,HOU,SDR,WSB"
47,Dwyane Wade,120.7,2003-04,2018-19,22-37,1054,909,13,33.9,8,16.7,7.5,14.9,0.5,1.8,5.4,7.1,1.2,3.5,4.7,5.4,1.5,0.8,3.2,2.2,22,0.48,0.502,0.293,0.765,0.554,0.495,G,"CHI,CLE,MIA"
48,Buck Williams,120.1,1981-82,1997-98,21-37,1307,1140,3,32.5,4.9,8.9,4.9,8.9,0,0,3,4.6,3.5,6.5,10,1.3,0.8,0.8,2.1,3.3,12.8,0.549,0.55,0.167,0.664,0.587,0.549,F-C,"NJN,NYK,POR"
49,Jimmy Butler,119.8,2011-12,2024-25,22-35,847,742,6,33.1,5.9,12.6,5.1,10.2,0.8,2.4,5.6,6.7,1.6,3.7,5.3,4.3,1.6,0.4,1.6,1.4,18.3,0.471,0.505,0.328,0.843,0.589,0.503,F-G,"CHI,GSW,MIA,MIN,PHI"
50,Anthony Davis,118.7,2012-13,2024-25,19-31,779,772,10,34.5,9,17.3,8.6,15.7,0.5,1.6,5.6,7.1,2.7,8,10.7,2.5,1.3,2.3,2,2.3,24.2,0.523,0.546,0.298,0.795,0.593,0.537,F-C,"DAL,LAL,NOH,NOP"
51,Horace Grant,118.2,1987-88,2003-04,22-38,1165,1037,1,33.2,4.7,9.2,4.7,9.1,0,0.1,1.8,2.6,3,5.1,8.1,2.2,1,1,1.1,2.4,11.2,0.509,0.511,0.063,0.692,0.54,0.509,F-C,"CHI,LAL,ORL,SEA"
52,Dominique Wilkins,117.5,1982-83,1998-99,23-39,1074,995,9,35.5,9.3,20.1,8.6,18,0.7,2.1,5.6,6.9,2.7,3.9,6.7,2.5,1.3,0.6,2.5,1.9,24.8,0.461,0.478,0.319,0.811,0.536,0.478,F-G,"ATL,BOS,LAC,ORL,SAS"
53,Chet Walker,117.4,1962-63,1974-75,22-34,1032,396,7,32.4,6.7,14.2,6.7,14.2,,,4.9,6.2,1.6,6.8,7.1,2.1,0.7,0.1,,2.6,18.2,0.47,0.47,,0.796,0.54,0.47,F-G,"CHI,PHI,SYR"
54,Damian Lillard,117.2,2012-13,2024-25,22-34,890,890,9,36.3,8.1,18.4,5,10,3.1,8.4,5.8,6.5,0.6,3.7,4.3,6.8,1,0.3,2.8,1.9,25.1,0.438,0.494,0.371,0.899,0.59,0.523,G,"MIL,POR"
55,Bob Lanier,117.1,1970-71,1983-84,22-35,959,179,8,33.5,8.1,15.7,8.1,15.7,0,0,3.9,5.1,2.6,8.2,10.1,3.1,1.1,1.5,2.6,3.2,20.1,0.514,0.515,0.154,0.767,0.559,0.514,C,"DET,MIL"
56,Dikembe Mutombo,117,1991-92,2008-09,25-42,1196,997,8,30.8,3.5,6.7,3.5,6.7,0,0,2.8,4.1,3.2,7.1,10.3,1,0.4,2.8,1.8,2.8,9.8,0.518,0.518,0,0.684,0.573,0.518,C,"ATL,DEN,HOU,NJN,NYK,PHI"
57,Giannis Antetokounmpo,116.2,2013-14,2024-25,19-30,838,773,9,32.8,8.7,15.9,8.1,13.6,0.6,2.2,5.7,8.2,1.9,8,9.9,4.9,1.1,1.2,3,3,23.8,0.549,0.593,0.285,0.693,0.61,0.57,F-G,MIL
58,LaMarcus Aldridge,115.7,2006-07,2021-22,21-36,1076,997,7,33.7,7.7,15.7,7.5,15,0.2,0.7,3.4,4.2,2.6,5.5,8.1,1.9,0.7,1.1,1.5,2.4,19.1,0.493,0.5,0.32,0.813,0.544,0.499,F-C,"BRK,POR,SAS"
59,Al Horford,115.6,2007-08,2024-25,21-38,1125,1067,5,31.6,5.3,10.5,4.5,8.2,0.8,2.2,1.4,1.9,1.9,5.9,7.9,3.2,0.8,1.1,1.4,2.1,12.9,0.51,0.546,0.377,0.762,0.573,0.55,C-F,"ATL,BOS,OKC,PHI"
60,Bailey Howell,114.8,1959-60,1970-71,23-34,950,6,6,32.2,6.9,14.3,6.9,14.3,,,5,6.6,,,9.9,2,,,,3.7,18.7,0.48,0.48,,0.762,0.544,0.48,F,"BAL,BOS,DET,PHI"
61,Walt Frazier,113.5,1967-68,1979-80,22-34,825,666,7,37.5,7.4,15.2,7.4,15.2,0,0.3,4,5.1,1.1,5.4,5.9,6.1,1.9,0.2,2.1,2.6,18.9,0.49,0.49,0,0.786,0.542,0.49,G,"CLE,NYK"
62,Kevin McHale,113,1980-81,1992-93,23-35,971,400,7,31,7,12.7,7,12.5,0,0.2,3.7,4.7,2.4,4.9,7.3,1.7,0.4,1.7,1.9,2.8,17.9,0.554,0.558,0.261,0.798,0.605,0.555,F-C,BOS
63,Rudy Gobert,112.9,2013-14,2024-25,21-32,812,720,3,30.6,4.7,7.1,4.7,7.1,0,0,3.2,5,3.4,8.3,11.7,1.4,0.7,2.1,1.6,2.7,12.6,0.655,0.657,0,0.641,0.672,0.655,C,"MIN,UTA"
64,Kyle Lowry,112.7,2006-07,2024-25,20-38,1171,898,6,31.3,4.5,10.6,2.6,5.5,1.9,5.1,3.1,3.8,0.8,3.5,4.2,6.1,1.3,0.3,2.2,2.7,14,0.423,0.475,0.368,0.815,0.569,0.512,G,"HOU,MEM,MIA,PHI,TOR"
65,Russell Westbrook,112.6,2008-09,2024-25,20-36,1215,1066,9,33.4,7.7,17.5,6.6,13.9,1.1,3.6,4.9,6.3,1.6,5.5,7.1,8.1,1.6,0.3,3.9,2.6,21.3,0.439,0.474,0.305,0.773,0.526,0.47,G,"DEN,HOU,LAC,LAL,OKC,WAS"
66,Jack Sikma,112.5,1977-78,1990-91,22-35,1107,985,7,33.4,5.8,12.5,5.6,11.9,0.2,0.7,3.9,4.6,2.3,7.5,9.8,3.2,1,0.9,2.3,3.5,15.6,0.464,0.47,0.328,0.849,0.54,0.471,C-F,"MIL,SEA"
67,Tony Parker,111.3,2001-02,2018-19,19-36,1254,1151,6,30.5,6.2,12.6,5.8,11.3,0.4,1.3,2.7,3.6,0.4,2.4,2.7,5.6,0.8,0.1,2.3,1.6,15.5,0.491,0.51,0.324,0.751,0.546,0.508,G,"CHO,SAS"
68,Terry Porter,110.4,1985-86,2001-02,22-38,1274,732,2,27.8,4.3,9.2,3.2,6.6,1,2.6,2.7,3.2,0.6,2.5,3,5.6,1.2,0.1,2.1,1.7,12.2,0.463,0.493,0.386,0.836,0.576,0.518,G,"MIA,MIN,POR,SAS"
69,Wes Unseld,110.1,1968-69,1980-81,22-34,984,164,5,36.4,4.4,8.7,4.4,8.7,0,0,1.9,3,3.5,11.9,14,3.9,1.1,0.6,1.9,2.8,10.8,0.509,0.509,0.5,0.633,0.537,0.509,C-F,"BAL,CAP,WSB"
70,Elton Brand,109.6,1999-00,2015-16,20-36,1058,868,2,33,6.2,12.5,6.2,12.4,0,0,3.4,4.7,3.1,5.4,8.5,2.1,0.9,1.7,1.9,2.9,15.9,0.5,0.501,0.095,0.736,0.548,0.501,F-C,"ATL,CHI,DAL,LAC,PHI"
71,Larry Nance,109.6,1981-82,1993-94,22-34,920,795,3,33.4,6.9,12.7,6.9,12.6,0,0.1,3.2,4.2,2.5,5.5,8,2.6,0.9,2.2,1.9,2.9,17.1,0.546,0.548,0.145,0.755,0.586,0.546,F-C,"CLE,PHO"
72,Detlef Schrempf,109.5,1985-86,2000-01,23-38,1136,524,3,29.6,4.8,9.7,4.3,8.6,0.4,1.1,3.9,4.9,1.6,4.5,6.2,3.4,0.8,0.3,2,3,13.9,0.491,0.505,0.384,0.803,0.586,0.513,F-C,"DAL,IND,POR,SEA"
73,Jeff Hornacek,108.9,1986-87,1999-00,23-36,1077,910,1,31.5,5.5,11.1,4.7,9.2,0.8,1.9,2.8,3.1,0.9,2.5,3.4,4.9,1.4,0.2,1.8,2.2,14.5,0.496,0.515,0.403,0.877,0.582,0.53,G,"PHI,PHO,UTA"
74,Paul Arizin,108.8,1950-51,1961-62,22-33,713,,10,38.4,7.9,18.7,7.9,18.7,,,7,8.7,,,8.6,2.3,,,,3.9,22.8,0.421,0.421,,0.81,0.506,0.421,F-G,PHW
75,George Mikan,108.7,1948-49,1955-56,24-31,439,,4,34.4,8.1,20,8.1,20,,,7,8.9,,,13.4,2.8,,,,4.2,23.1,0.404,0.404,,0.782,0.483,0.404,C,MNL
76,Carmelo Anthony,108.5,2003-04,2021-22,19-37,1260,1120,10,34.5,8,18,6.7,14.1,1.4,3.9,5,6.2,1.6,4.6,6.2,2.7,1,0.5,2.4,2.8,22.5,0.447,0.472,0.355,0.814,0.543,0.485,F,"DEN,HOU,LAL,NYK,OKC,POR"
77,Artis Gilmore,107.4,1976-77,1987-88,27-38,909,852,6,32.7,6.3,10.5,6.3,10.5,0,0,4.5,6.3,2.9,7.2,10.1,2,0.5,1.9,2.8,3.3,17.1,0.599,0.6,0.077,0.713,0.643,0.599,C,"BOS,CHI,SAS"
78,DeMar DeRozan,106.7,2009-10,2024-25,20-35,1163,1151,6,34.7,7.6,16.2,7.1,14.6,0.5,1.7,5.5,6.6,0.7,3.7,4.4,4.1,1,0.3,2,2.2,21.3,0.47,0.489,0.301,0.842,0.557,0.485,G-F,"CHI,SAC,SAS,TOR"
79,Manu Ginóbili,106.4,2002-03,2017-18,25-40,1057,349,2,25.4,4.3,9.7,2.9,5.9,1.4,3.8,3.2,3.9,0.6,2.8,3.5,3.8,1.3,0.3,2,2.1,13.3,0.447,0.498,0.369,0.827,0.582,0.52,G,SAS
80,Otis Thorpe,106.4,1984-85,2000-01,22-38,1257,989,1,31.7,5.5,10,5.5,10,0,0.1,3.1,4.5,2.7,5.5,8.2,2.2,0.7,0.4,2.2,3.3,14,0.546,0.548,0.047,0.687,0.584,0.546,F-C,"CHH,DET,HOU,KCK,MIA,POR,SAC,VAN,WAS"
81,Julius Erving,106.2,1976-77,1986-87,26-36,836,823,11,34.3,8.7,17.1,8.6,16.9,0.1,0.3,4.6,5.9,2.5,4.2,6.7,3.9,1.8,1.5,3.1,2.7,22,0.507,0.51,0.261,0.777,0.558,0.509,F-G,PHI
82,Chris Bosh,106,2003-04,2015-16,19-31,893,881,11,35.8,7,14.1,6.6,13.1,0.3,1,5,6.3,2.2,6.3,8.5,2,0.8,1,2,2.4,19.2,0.494,0.506,0.335,0.799,0.571,0.506,F-C,"MIA,TOR"
83,Bill Laimbeer,105.6,1980-81,1993-94,23-36,1068,861,4,31.8,5.2,10.5,5,9.9,0.2,0.6,2.3,2.7,2.6,7.1,9.7,2,0.7,0.9,1.5,3.4,12.9,0.498,0.508,0.326,0.837,0.552,0.507,C,"CLE,DET"
84,Sam Perkins,105.4,1984-85,2000-01,23-39,1286,757,0,28.5,4.3,9.3,3.6,7.5,0.7,1.8,2.7,3.3,1.8,4.2,6,1.5,0.9,0.7,1.2,2.5,11.9,0.459,0.482,0.362,0.811,0.552,0.494,F-C,"DAL,IND,LAL,SEA"
85,Rasheed Wallace,105.1,1995-96,2012-13,21-38,1109,956,4,32.7,5.7,12.2,4.7,9.3,1,2.9,2.1,2.9,1.4,5.3,6.7,1.8,1,1.3,1.5,2.9,14.4,0.467,0.508,0.336,0.721,0.536,0.507,F-C,"ATL,BOS,DET,NYK,POR,WSB"
86,Elgin Baylor,104.2,1958-59,1971-72,24-37,846,,11,40,10.3,23.8,10.3,23.8,,,6.8,8.7,,,13.5,4.3,,,,3.1,27.4,0.431,0.431,,0.78,0.494,0.431,F,"LAL,MNL"
87,Mike Conley,104.1,2007-08,2024-25,20-37,1153,1110,1,31.3,5,11.4,3.3,7.1,1.6,4.2,2.6,3.1,0.5,2.5,3,5.7,1.4,0.2,1.9,1.9,14.1,0.438,0.468,0.387,0.825,0.556,0.51,G,"MEM,MIN,UTA"
88,Maurice Cheeks,103.5,1978-79,1992-93,22-36,1101,978,4,31.6,4.5,8.5,4.4,8.3,0.1,0.2,2.1,2.7,0.6,2.2,2.8,6.7,2.1,0.3,2.1,2.1,11.1,0.523,0.529,0.255,0.793,0.572,0.526,G,"ATL,NJN,NYK,PHI,SAS"
89,Hal Greer,102.7,1958-59,1972-73,22-36,1122,138,10,35.5,7.6,16.8,7.6,16.8,,,4.1,5.1,,,5,4,,,,3.4,19.2,0.452,0.452,,0.801,0.506,0.452,G-F,"PHI,SYR"
90,Tyson Chandler,102.1,2001-02,2019-20,19-37,1160,886,1,27.3,3.1,5.1,3.1,5.1,0,0,2.1,3.2,3,6,9,0.8,0.5,1.2,1.4,2.8,8.2,0.597,0.598,0,0.644,0.626,0.597,C,"CHA,CHI,DAL,HOU,LAL,NOH,NOK,NYK,PHO"
91,Jason Terry,102,1999-00,2017-18,22-40,1410,679,0,29.8,4.9,11.1,3.3,6.8,1.6,4.3,2,2.3,0.4,2,2.3,3.8,1.1,0.2,1.7,1.8,13.4,0.444,0.484,0.38,0.845,0.554,0.517,G,"ATL,BOS,BRK,DAL,HOU,MIL"
92,Andre Miller,100.8,1999-00,2015-16,23-39,1304,939,0,30.9,4.6,10,4.5,9.4,0.1,0.7,3.1,3.8,1.1,2.6,3.7,6.5,1.2,0.2,2.4,2.2,12.5,0.461,0.478,0.217,0.807,0.532,0.468,G,"CLE,DEN,LAC,MIN,PHI,POR,SAC,SAS,WAS"
93,Alex English,100.7,1976-77,1990-91,23-37,1193,753,8,31.9,8.9,17.6,8.9,17.6,0,0.1,3.6,4.3,2.3,3.2,5.5,3.6,0.9,0.7,2.5,2.5,21.5,0.507,0.508,0.217,0.832,0.55,0.507,F,"DAL,DEN,IND,MIL"
94,Eddie Jones,100.6,1994-95,2007-08,23-36,954,902,3,34.4,5.2,11.8,3.5,7.5,1.6,4.3,2.9,3.6,0.8,3.2,4,2.9,1.7,0.6,1.6,2.6,14.8,0.437,0.474,0.373,0.809,0.554,0.505,G-F,"CHH,DAL,LAL,MEM,MIA"
95,Ed Macauley,100.4,1949-50,1958-59,21-30,641,,7,35.7,5.8,13.4,5.8,13.4,,,5.9,7.7,,,7.5,3.2,,,,2.6,17.5,0.436,0.436,,0.761,0.522,0.436,C-F,"BOS,STB,STL"
96,Andre Iguodala,100.4,2004-05,2022-23,21-39,1231,784,1,32.1,4.1,8.8,3.2,6.2,0.9,2.7,2.3,3.2,0.9,4,4.9,4.2,1.4,0.5,1.8,1.8,11.3,0.463,0.52,0.33,0.709,0.553,0.512,F-G,"DEN,GSW,MIA,PHI"
97,Kawhi Leonard,100,2011-12,2024-25,20-33,714,685,6,31.6,7.2,14.5,5.6,10.4,1.6,4.1,3.9,4.5,1.2,5.2,6.3,3,1.7,0.6,1.6,1.7,20,0.498,0.539,0.391,0.86,0.604,0.553,F,"LAC,SAS,TOR"
98,Grant Hill,99.9,1994-95,2012-13,22-40,1026,972,7,33.9,6.2,12.8,6,12.1,0.2,0.7,4.1,5.4,1.1,4.9,6,4.1,1.2,0.6,2.4,2.3,16.7,0.483,0.493,0.314,0.769,0.551,0.492,F-G,"DET,LAC,ORL,PHO"
99,A.C. Green,99.5,1985-86,2000-01,22-37,1278,832,1,28.6,3.6,7.2,3.5,6.8,0.1,0.4,2.4,3.3,2.6,4.8,7.4,1.1,0.8,0.4,1.1,1.9,9.6,0.494,0.507,0.254,0.734,0.557,0.501,F-C,"DAL,LAL,MIA,PHO"
100,Allen Iverson,99,1996-97,2009-10,21-34,914,901,11,41.1,9.3,21.8,8.1,18.1,1.2,3.7,7,8.9,0.8,2.9,3.7,6.2,2.2,0.2,3.6,1.9,26.7,0.425,0.448,0.313,0.78,0.518,0.452,G,"DEN,DET,MEM,PHI"
101,Jerry Lucas,98.4,1963-64,1973-74,23-33,829,120,7,38.8,6.9,13.8,6.9,13.8,,,3.2,4.1,0.8,15.5,15.6,3.3,0.4,0.3,,2.9,17,0.499,0.499,,0.783,0.544,0.499,F-C,"CIN,NYK,SFW"
102,DeAndre Jordan,98.3,2008-09,2024-25,20-36,1100,788,1,25.2,3.5,5.2,3.5,5.2,0,0,1.6,3.4,2.9,6.9,9.7,0.9,0.5,1.4,1.3,2.4,8.6,0.674,0.675,0.154,0.475,0.644,0.674,C,"BRK,DAL,DEN,LAC,LAL,NYK,PHI"
103,Tracy McGrady,97.3,1997-98,2011-12,18-32,938,703,7,32.7,7.2,16.4,6,13,1.2,3.4,4.1,5.5,1.4,4.2,5.6,4.4,1.2,0.9,2.2,1.8,19.6,0.435,0.461,0.338,0.746,0.519,0.47,G-F,"ATL,DET,HOU,NYK,ORL,TOR"
104,Vlade Divac,96.4,1989-90,2004-05,21-36,1134,979,1,29.8,4.6,9.3,4.5,8.9,0.1,0.4,2.5,3.7,2.5,5.7,8.2,3.1,1.1,1.4,2.2,3.2,11.8,0.495,0.506,0.235,0.692,0.543,0.5,C,"CHH,LAL,SAC"
105,Lenny Wilkens,95.5,1960-61,1974-75,23-37,1077,,9,35.3,5.7,13.3,5.7,13.3,,,5,6.5,0.8,4.6,4.7,6.7,1.3,0.2,,3.1,16.5,0.432,0.432,,0.774,0.511,0.432,G,"CLE,POR,SEA,STL"
106,Paul Millsap,95.4,2006-07,2021-22,21-36,1085,746,4,28.1,5,10.3,4.5,8.8,0.5,1.5,2.8,3.9,2.2,4.9,7.1,2.2,1.2,1,1.7,3,13.4,0.489,0.513,0.341,0.736,0.559,0.513,F,"ATL,BRK,DEN,PHI,UTA"
107,Kevin Love,94.8,2008-09,2024-25,20-36,948,690,5,29,5.3,12.2,3.6,7.4,1.8,4.8,3.8,4.6,2.3,7.7,10,2.3,0.6,0.4,1.8,1.9,16.2,0.438,0.483,0.369,0.828,0.571,0.51,F-C,"CLE,MIA,MIN"
108,Ben Wallace,93.5,1996-97,2011-12,22-37,1088,912,4,29.5,2.4,5,2.4,4.9,0,0,1,2.5,3.2,6.5,9.6,1.3,1.3,2,1,1.9,5.7,0.474,0.477,0.137,0.414,0.474,0.475,F-C,"CHI,CLE,DET,ORL,WAS,WSB"
109,Rick Barry,93.4,1965-66,1979-80,21-35,794,82,8,36.3,9.1,20.4,9,20.1,1,3.1,4.8,5.3,0.9,5.9,6.5,5.1,2,0.5,2.5,2.9,23.2,0.449,0.45,0.33,0.9,0.51,0.451,F,"GSW,HOU,SFW"
110,Chris Mullin,93.1,1985-86,2000-01,22-37,986,822,5,32.6,6.8,13.4,6,11.3,0.8,2.2,3.7,4.2,1,3.1,4.1,3.5,1.6,0.6,2.3,2.1,18.2,0.509,0.533,0.384,0.865,0.594,0.54,F-G,"GSW,IND"
111,Kevin Johnson,92.8,1987-88,1999-00,21-33,735,623,3,34.1,6.1,12.5,5.9,11.7,0.2,0.7,5.4,6.4,0.7,2.6,3.3,9.1,1.5,0.2,3.1,2.1,17.9,0.493,0.504,0.305,0.841,0.585,0.501,G,"CLE,PHO"
112,Amar'e Stoudemire,92.5,2002-03,2015-16,20-33,846,696,6,31,7,13,7,12.9,0,0.2,4.9,6.4,2.4,5.4,7.8,1.2,0.8,1.2,2.3,3.2,18.9,0.537,0.54,0.236,0.761,0.597,0.538,F-C,"DAL,MIA,NYK,PHO"
113,Sam Jones,92.3,1957-58,1968-69,24-35,871,,5,27.9,7.2,15.8,7.2,15.8,,,3.3,4.1,,,4.9,2.5,,,,2,17.7,0.456,0.456,,0.803,0.503,0.456,G-F,BOS
114,Neil Johnston,92,1951-52,1958-59,22-29,516,,6,35.5,6.4,14.4,6.4,14.4,,,6.6,8.6,,,11.3,2.5,,,,3.3,19.4,0.444,0.444,,0.768,0.534,0.444,C,PHW
115,Mark Jackson,91.8,1987-88,2003-04,22-38,1296,1092,1,30.2,3.7,8.3,3.1,6.6,0.6,1.7,1.7,2.2,1,2.8,3.8,8,1.2,0.1,2.4,1.7,9.6,0.447,0.477,0.332,0.77,0.522,0.481,G,"DEN,HOU,IND,LAC,NYK,TOR,UTA"
116,Kyrie Irving,91.4,2011-12,2024-25,19-32,777,777,9,34.5,8.7,18.4,6.3,12.3,2.4,6.1,3.8,4.3,0.8,3.3,4.1,5.6,1.3,0.4,2.5,2.3,23.7,0.474,0.514,0.394,0.887,0.584,0.54,G,"BOS,BRK,CLE,DAL"
117,Terry Cummings,91.1,1982-83,1999-00,21-38,1183,815,2,28.7,6.8,14.1,6.8,13.9,0,0.1,2.8,4,2.7,4.6,7.3,1.9,1.1,0.5,1.9,3.2,16.4,0.484,0.486,0.295,0.706,0.52,0.485,F,"GSW,MIL,NYK,PHI,SAS,SDC,SEA"
118,Bob Cousy,91.1,1950-51,1969-70,22-41,924,,13,35.3,6.7,17.8,6.7,17.8,,,5,6.2,,,5.2,7.5,,,,2.4,18.4,0.375,0.375,,0.803,0.446,0.375,G,"BOS,CIN"
119,Rashard Lewis,90.9,1998-99,2013-14,19-34,1049,842,2,32,5.4,11.9,3.7,7.5,1.7,4.4,2.4,3,1.4,3.8,5.2,1.7,1.1,0.5,1.5,2.3,14.9,0.452,0.491,0.386,0.805,0.563,0.524,F,"MIA,ORL,SEA,WAS"
120,Hersey Hawkins,90.6,1988-89,2000-01,22-34,983,896,1,32.6,5,10.8,3.7,7.6,1.2,3.2,3.5,4.1,0.8,2.8,3.6,2.9,1.7,0.3,1.9,2.1,14.7,0.461,0.488,0.394,0.87,0.585,0.518,G,"CHH,CHI,PHI,SEA"
121,Sidney Moncrief,90.3,1979-80,1990-91,22-33,767,513,5,30.2,5.4,10.7,5.2,10.2,0.1,0.5,4.7,5.6,1.9,2.8,4.7,3.6,1.2,0.3,2,2.1,15.6,0.502,0.513,0.284,0.831,0.591,0.509,G,"ATL,MIL"
122,P.J. Brown,89.8,1993-94,2007-08,24-38,1089,990,0,31.1,3.5,7.7,3.5,7.6,0,0.1,2,2.5,2.8,5,7.7,1.5,0.8,1,1.2,3,9.1,0.46,0.463,0.136,0.794,0.516,0.461,F-C,"BOS,CHH,CHI,MIA,NJN,NOH,NOK"
123,Dennis Rodman,89.8,1986-87,1999-00,25-38,911,573,2,31.7,3,5.8,2.9,5.4,0.1,0.4,1.2,2,4.8,8.4,13.1,1.8,0.7,0.6,1.6,3.1,7.3,0.521,0.542,0.231,0.584,0.546,0.529,F,"CHI,DAL,DET,LAL,SAS"
124,Alonzo Mourning,89.7,1992-93,2007-08,22-37,838,686,7,31,6.1,11.6,6.1,11.5,0,0.1,4.8,7,2.6,5.9,8.5,1.1,0.5,2.8,2.6,3.4,17.1,0.527,0.53,0.247,0.692,0.583,0.529,C-F,"CHH,MIA,NJN"
125,Clifford Robinson,89.7,1989-90,2006-07,23-40,1380,844,1,30.8,5.4,12.2,4.4,9.7,0.9,2.5,2.6,3.7,1.3,3.2,4.6,2.2,1,1,1.8,3,14.2,0.438,0.459,0.356,0.689,0.512,0.475,F-C,"DET,GSW,NJN,PHO,POR"
126,Charles Oakley,89.7,1985-86,2003-04,22-40,1282,1159,1,31.4,3.8,8,3.7,7.8,0.1,0.2,2.1,2.7,3.1,6.5,9.5,2.5,1.1,0.3,2.2,3.4,9.7,0.471,0.477,0.253,0.761,0.526,0.474,F-C,"CHI,HOU,NYK,TOR,WAS"
127,Paul George,89.7,2010-11,2024-25,20-34,906,858,9,33.6,7.1,16,4.5,9.3,2.6,6.8,3.9,4.6,0.8,5.4,6.3,3.7,1.7,0.4,2.7,2.7,20.6,0.44,0.481,0.383,0.853,0.571,0.521,F-G,"IND,LAC,OKC,PHI"
128,Brook Lopez,89.7,2008-09,2024-25,20-36,1082,1042,1,30.3,6.1,12.2,5.1,9.5,1,2.7,2.8,3.5,2,4.2,6.1,1.5,0.6,1.9,1.6,2.6,15.9,0.495,0.537,0.35,0.797,0.577,0.535,C,"BRK,LAL,MIL,NJN"
129,Shawn Kemp,89.5,1989-90,2002-03,20-33,1051,728,6,27.9,5.2,10.7,5.2,10.6,0,0.1,4.1,5.5,2.9,5.5,8.4,1.6,1.1,1.2,2.6,3.6,14.6,0.488,0.49,0.277,0.741,0.555,0.49,F-C,"CLE,ORL,POR,SEA"
130,Bob McAdoo,89.1,1972-73,1985-86,21-34,852,160,5,33.2,8.7,17.3,8.7,17.3,0,0.1,4.6,6.1,2.4,7.3,9.4,2.3,1,1.5,2.6,3.2,22.1,0.503,0.504,0.081,0.754,0.551,0.503,C-F,"BOS,BUF,DET,LAL,NJN,NYK,PHI"
131,Glen Rice,88.7,1989-90,2003-04,22-36,1000,876,3,35,6.8,14.9,5.2,11,1.6,3.9,3.2,3.8,0.9,3.4,4.4,2.1,1,0.3,1.7,2.4,18.3,0.456,0.476,0.4,0.846,0.554,0.508,F,"CHH,HOU,LAC,LAL,MIA,NYK"
132,Anthony Mason,88.3,1989-90,2002-03,23-36,882,559,1,34.7,4.1,8,4.1,8,0,0,2.8,4,2.2,6.1,8.3,3.4,0.7,0.3,1.8,2.7,10.9,0.509,0.51,0.167,0.709,0.563,0.51,F,"CHH,DEN,MIA,MIL,NJN,NYK"
133,George Gervin,88.1,1976-77,1985-86,24-33,791,623,9,33.5,10.2,19.9,10.1,19.6,0.1,0.5,5.7,6.8,1.5,3.1,4.6,2.8,1.2,0.8,3,2.9,26.2,0.511,0.514,0.297,0.844,0.572,0.513,G-F,"CHI,SAS"
134,Antawn Jamison,87.8,1998-99,2013-14,22-37,1083,864,2,34.8,7.1,15.7,6,12.6,1.1,3.1,3.3,4.5,2.4,5.2,7.5,1.6,1,0.4,1.6,2.4,18.5,0.451,0.477,0.346,0.724,0.523,0.485,F,"CLE,DAL,GSW,LAC,LAL,WAS"
135,Sam Cassell,87.5,1993-94,2007-08,24-38,993,690,1,30,5.7,12.6,5.1,10.6,0.7,2,3.6,4.2,0.6,2.6,3.2,6,1.1,0.2,2.4,2.8,15.7,0.454,0.477,0.331,0.861,0.544,0.48,G,"BOS,DAL,HOU,LAC,MIL,MIN,NJN,PHO"
136,Dale Davis,86.9,1991-92,2006-07,22-37,1094,863,1,27.1,3.3,6.2,3.3,6.2,0,0,1.4,2.5,3,4.8,7.9,0.9,0.6,1.2,1,2.6,8,0.53,0.53,0,0.562,0.546,0.53,F-C,"DET,GSW,IND,POR"
137,Derek Harper,86.8,1983-84,1998-99,22-37,1199,883,0,31.5,5.2,11.2,4.3,8.6,0.9,2.5,2.1,2.9,0.6,1.8,2.4,5.5,1.6,0.3,1.9,2.3,13.3,0.463,0.494,0.354,0.745,0.537,0.503,G,"DAL,LAL,NYK,ORL"
138,Dave Cowens,86.3,1970-71,1982-83,22-34,766,89,8,38.6,7.5,16.3,7.5,16.3,0,0.1,2.6,3.4,3,11.6,13.6,3.8,1.1,0.9,2.2,3.8,17.6,0.46,0.46,0.071,0.783,0.496,0.46,C-F,"BOS,MIL"
139,Joe Dumars,86.2,1985-86,1998-99,22-35,1018,944,6,34.5,5.9,12.8,4.9,10.2,1,2.5,3.4,4,0.7,1.5,2.2,4.5,0.9,0.1,2,1.8,16.1,0.46,0.48,0.382,0.843,0.554,0.498,G,DET
140,David West,85.9,2003-04,2017-18,23-37,1034,742,2,28.2,5.5,11.1,5.5,10.9,0.1,0.2,2.5,3,1.7,4.6,6.4,2.2,0.7,0.8,1.6,2.3,13.6,0.495,0.499,0.265,0.817,0.544,0.498,F-C,"GSW,IND,NOH,NOK,SAS"
141,Rod Strickland,85.8,1988-89,2004-05,22-38,1094,740,0,30.7,5,10.9,4.8,10.3,0.2,0.6,3.1,4.4,1.1,2.7,3.7,7.3,1.5,0.2,2.6,1.9,13.2,0.454,0.465,0.282,0.721,0.516,0.462,G,"HOU,MIA,MIN,NYK,ORL,POR,SAS,TOR,WAS,WSB"
142,Marc Gasol,85.3,2008-09,2020-21,24-36,891,866,3,32.2,5.2,10.8,4.7,9.5,0.5,1.3,3.2,4.1,1.6,5.8,7.4,3.4,0.9,1.4,2,2.9,14,0.481,0.498,0.36,0.776,0.557,0.503,C,"LAL,MEM,TOR"
143,Michael Finley,85.2,1995-96,2009-10,22-36,1103,875,2,34.4,6.1,13.7,4.8,10.2,1.3,3.5,2.2,2.7,1,3.3,4.4,2.9,0.9,0.3,1.5,1.6,15.7,0.444,0.467,0.375,0.811,0.527,0.492,G-F,"BOS,DAL,PHO,SAS"
144,Tim Hardaway,85,1989-90,2002-03,23-36,867,770,5,35.3,6.5,15.1,4.7,10.1,1.8,5,2.9,3.8,0.6,2.7,3.3,8.2,1.6,0.1,2.9,2.3,17.7,0.431,0.469,0.355,0.782,0.53,0.49,G,"DAL,DEN,GSW,IND,MIA"
145,Chris Webber,84.7,1993-94,2007-08,20-34,831,827,5,37.1,8.7,18.1,8.3,17,0.3,1.1,3,4.7,2.7,7,9.8,4.2,1.4,1.4,2.8,3.2,20.7,0.479,0.49,0.299,0.649,0.513,0.487,F-C,"DET,GSW,PHI,SAC,WAS,WSB"
146,Dale Ellis,84.7,1983-84,1999-00,23-39,1209,589,1,28.8,6.1,12.6,4.6,9.1,1.4,3.5,2.2,2.8,1.3,2.2,3.5,1.4,0.8,0.2,1.5,2.1,15.7,0.479,0.509,0.403,0.784,0.567,0.536,G-F,"CHH,DAL,DEN,MIL,SAS,SEA"
147,Calvin Murphy,84.1,1970-71,1982-83,22-34,1002,82,1,30.5,7.2,15,7.2,14.9,0,0.3,3.4,3.9,0.7,1.6,2.1,4.4,1.5,0.1,1.9,3.2,17.9,0.482,0.484,0.139,0.892,0.536,0.483,G,"HOU,SDR"
148,Steve Smith,83.7,1991-92,2004-05,22-35,942,717,1,30.6,4.9,11.1,3.7,7.7,1.2,3.4,3.3,3.8,1.2,2.1,3.2,3.1,0.8,0.3,1.8,2.4,14.3,0.44,0.476,0.358,0.845,0.556,0.494,G,"ATL,CHA,MIA,NOH,POR,SAS"
149,Tiny Archibald,83.4,1970-71,1983-84,22-35,876,268,6,35.6,6.7,14.4,6.7,14.3,0.1,0.3,5.3,6.6,0.5,1.9,2.3,7.4,1.1,0.1,2.7,2.3,18.8,0.467,0.469,0.224,0.81,0.543,0.468,G,"BOS,CIN,KCK,KCO,MIL,NYN"
150,Vern Mikkelsen,83.4,1949-50,1958-59,21-30,699,,6,32.5,5.1,12.6,5.1,12.6,,,4.2,5.5,,,9.4,2.2,,,,4,14.4,0.403,0.403,,0.766,0.478,0.403,F-C,MNL
151,Jonas Valančiūnas,83.1,2012-13,2024-25,20-32,913,839,0,25.3,5.3,9.4,5,8.6,0.3,0.8,2.4,3.1,2.7,6.6,9.4,1.4,0.4,0.9,1.6,2.8,13.2,0.56,0.579,0.345,0.793,0.615,0.574,C,"MEM,NOP,SAC,TOR,WAS"
152,Karl-Anthony Towns,83.1,2015-16,2024-25,20-29,626,626,5,34,8.5,16.1,6.7,11.8,1.7,4.3,4.4,5.2,2.8,8.3,11.1,3.2,0.8,1.2,2.7,3.4,23,0.524,0.569,0.4,0.838,0.625,0.578,C-F,"MIN,NYK"
153,Richard Jefferson,83,2001-02,2017-18,21-37,1181,809,0,29,4.4,9.4,3.5,7.1,0.9,2.3,3,3.9,0.8,3.2,4,2,0.7,0.3,1.5,2.2,12.6,0.464,0.493,0.376,0.768,0.567,0.511,F,"CLE,DAL,DEN,GSW,MIL,NJN,SAS,UTA"
154,Joe Johnson,82.9,2001-02,2021-22,20-40,1277,1091,7,34.6,6.1,13.9,4.6,9.7,1.5,4.2,2.2,2.7,0.8,3.1,4,3.9,0.8,0.2,1.9,1.8,16,0.441,0.472,0.371,0.802,0.53,0.497,G-F,"ATL,BOS,BRK,HOU,MIA,PHO,UTA"
155,Bill Sharman,82.8,1950-51,1960-61,24-34,711,,8,32,6.7,15.7,6.7,15.7,,,4.4,5,,,3.9,3,,,,2.7,17.8,0.426,0.426,,0.883,0.497,0.426,G,"BOS,WSC"
156,Dennis Johnson,82.6,1976-77,1989-90,22-35,1100,673,5,32.7,5.3,11.9,5.2,11.5,0.1,0.5,3.4,4.3,1.3,2.5,3.9,5,1.3,0.6,2.4,2.8,14.1,0.445,0.455,0.172,0.797,0.511,0.448,G,"BOS,PHO,SEA"
157,Peja Stojaković,82.6,1998-99,2010-11,21-33,804,665,3,33.5,6,13.3,3.8,7.9,2.2,5.5,2.8,3.1,0.9,3.8,4.7,1.8,0.9,0.1,1.4,1.7,17,0.45,0.484,0.401,0.895,0.577,0.532,F,"DAL,IND,NOH,NOK,SAC,TOR"
158,Dan Issel,82.3,1976-77,1984-85,28-36,718,318,1,31.1,7.6,14.9,7.5,14.8,0,0.2,5.3,6.6,2.3,5.6,7.9,2.5,1,0.6,2,2.8,20.4,0.506,0.508,0.253,0.797,0.572,0.507,C-F,DEN
159,Kevin Willis,81.8,1984-85,2006-07,22-44,1424,891,1,26.9,5,10.2,5,10.1,0,0.1,2.1,3,2.9,5.5,8.4,0.9,0.7,0.5,1.8,2.9,12.1,0.487,0.491,0.211,0.713,0.525,0.488,F-C,"ATL,DAL,DEN,GSW,HOU,MIA,SAS,TOR"
160,Marcus Camby,81.6,1996-97,2012-13,22-38,973,786,0,29.5,3.9,8.3,3.9,8.2,0,0.1,1.8,2.6,2.7,7.1,9.8,1.9,1,2.4,1.4,2.8,9.5,0.466,0.469,0.205,0.67,0.503,0.468,C-F,"DEN,HOU,LAC,NYK,POR,TOR"
161,James Worthy,81.2,1982-83,1993-94,21-32,926,717,7,32.4,7.4,14.3,7.3,13.7,0.1,0.5,2.6,3.4,1.7,3.4,5.1,3,1.1,0.7,2,2.1,17.6,0.521,0.532,0.241,0.769,0.559,0.525,F,LAL
162,Blake Griffin,81.1,2010-11,2022-23,21-33,765,692,6,31.9,7.1,14.4,6.4,12.2,0.7,2.1,4.1,5.9,1.9,6,8,4,0.8,0.5,2.3,2.7,19,0.493,0.522,0.328,0.696,0.559,0.518,F-C,"BOS,BRK,DET,LAC"
163,Zach Randolph,81.1,2001-02,2017-18,20-36,1116,883,2,31,6.7,14.1,6.5,13.5,0.2,0.7,3.1,4.1,2.9,6.2,9.1,1.8,0.7,0.3,2.1,2.4,16.6,0.471,0.481,0.273,0.764,0.522,0.478,F-C,"LAC,MEM,NYK,POR,SAC"
164,Lou Hudson,81,1966-67,1978-79,22-34,890,,6,33.5,8.3,17,8.3,17,,,3.5,4.4,1.2,3.9,4.4,2.7,1.4,0.3,1.6,2.7,20.2,0.489,0.489,,0.797,0.532,0.489,F-G,"ATL,LAL,STL"
165,Isiah Thomas,80.7,1981-82,1993-94,20-32,979,971,12,36.3,7.3,16.2,6.9,14.8,0.4,1.4,4.1,5.4,1,2.6,3.6,9.3,1.9,0.3,3.8,3,19.2,0.452,0.468,0.29,0.759,0.516,0.465,G,DET
166,Bob Dandridge,80.3,1969-70,1981-82,22-34,839,0,4,35.2,7.7,15.9,7.7,15.9,0,0.2,3.1,4,1.7,5.7,6.8,3.4,1.3,0.6,2.7,3.5,18.5,0.484,0.484,0.167,0.78,0.524,0.484,F-G,"MIL,WSB"
167,Carlos Boozer,80.3,2002-03,2014-15,21-33,861,775,2,31.2,6.8,13,6.8,13,0,0,2.6,3.7,2.4,7.1,9.5,2.2,0.9,0.4,2.1,3,16.2,0.521,0.522,0.071,0.722,0.554,0.521,F-C,"CHI,CLE,LAL,UTA"
168,Paul Silas,79.9,1964-65,1979-80,21-36,1254,,2,27.9,3.4,7.9,3.4,7.9,0,0,2.5,3.8,3.6,8.2,9.9,2.1,0.6,0.2,1.4,2.5,9.4,0.432,0.432,,0.673,0.489,0.432,F-C,"ATL,BOS,DEN,PHO,SEA,STL"
169,Marques Johnson,79.8,1977-78,1989-90,21-33,691,359,5,34.3,8.3,16,8.3,15.9,0,0.2,3.5,4.7,2.6,4.3,7,3.6,1.3,0.8,2.4,2.6,20.1,0.518,0.521,0.152,0.739,0.556,0.519,F-G,"GSW,LAC,MIL"
170,Mitch Richmond,79.3,1988-89,2001-02,23-36,976,902,6,35.2,7.5,16.4,6.1,12.9,1.4,3.5,4.7,5.5,0.9,3,3.9,3.5,1.2,0.3,2.6,2.6,21,0.455,0.474,0.388,0.85,0.557,0.497,G,"GSW,LAL,SAC,WAS"
171,Larry Foust,79.2,1950-51,1961-62,22-33,817,,8,29.2,4.7,11.5,4.7,11.5,,,4.4,5.9,,,9.8,1.7,,,,3.6,13.7,0.405,0.405,,0.741,0.485,0.405,C-F,"FTW,MNL,STL"
172,Tom Chambers,79,1981-82,1997-98,22-38,1107,743,4,30.6,6.7,14.2,6.5,13.6,0.2,0.7,4.6,5.7,1.8,4.3,6.1,2.1,0.8,0.6,2.3,3.4,18.1,0.468,0.476,0.307,0.807,0.542,0.476,F-C,"CHH,PHI,PHO,SDC,SEA,UTA"
173,Cedric Maxwell,78.5,1977-78,1987-88,22-32,835,537,0,28.5,4.1,7.5,4.1,7.5,0,0,4.3,5.5,2.5,3.8,6.3,2.2,0.8,0.5,2.2,2.7,12.5,0.546,0.547,0.053,0.784,0.629,0.546,F,"BOS,HOU,LAC"
174,Dan Majerle,78.5,1988-89,2001-02,23-36,955,454,3,31.6,4.1,9.6,2.7,5.6,1.4,4,1.7,2.4,1.2,3.3,4.5,2.9,1.3,0.4,1.2,2,11.4,0.431,0.482,0.358,0.741,0.538,0.505,G-F,"CLE,MIA,PHO"
175,Harry Gallatin,78.4,1948-49,1957-58,21-30,682,,7,31.9,4.1,10.3,4.1,10.3,,,4.7,6.1,,,11.9,1.8,,,,3.1,13,0.398,0.398,,0.773,0.497,0.398,F-C,"DET,NYK"
176,Nikola Vučević,78,2011-12,2024-25,21-34,955,892,2,31.4,7.3,14.8,6.4,12.1,0.9,2.6,1.6,2.1,2.5,8,10.5,2.9,0.8,0.9,1.7,2.4,17.2,0.497,0.53,0.346,0.771,0.548,0.528,C,"CHI,ORL,PHI"
177,Nate Thurmond,78,1963-64,1976-77,22-35,964,77,7,37.2,5.7,13.6,5.7,13.6,,,3.5,5.3,2.8,14.2,15,2.7,0.5,2.1,,2.7,15,0.421,0.421,,0.667,0.47,0.421,C-F,"CHI,CLE,GSW,SFW"
178,Stephon Marbury,77.5,1996-97,2008-09,19-31,846,816,2,37.7,6.8,15.7,5.6,12.1,1.2,3.6,4.5,5.7,0.7,2.3,3,7.6,1.2,0.1,3,2.4,19.3,0.433,0.465,0.325,0.784,0.528,0.47,G,"BOS,MIN,NJN,NYK,PHO"
179,Earl Monroe,77.4,1967-68,1979-80,23-35,926,449,4,32,7.5,16.1,7.5,16.1,0,0,3.9,4.9,0.6,2.7,3,3.9,1,0.3,1.6,2.6,18.8,0.464,0.464,,0.807,0.517,0.464,G,"BAL,NYK"
180,Deron Williams,77.3,2005-06,2016-17,21-32,845,771,3,34.2,5.8,13,4.4,9.1,1.4,3.9,3.4,4.1,0.4,2.7,3.1,8.1,1,0.2,2.8,2.5,16.3,0.445,0.482,0.357,0.822,0.552,0.498,G,"BRK,CLE,DAL,NJN,UTA"
181,Lamar Odom,77,1999-00,2012-13,20-33,961,684,0,33.4,5,10.8,4.3,8.6,0.7,2.2,2.6,3.7,1.9,6.5,8.4,3.7,0.9,0.9,2.3,3,13.3,0.463,0.502,0.312,0.693,0.534,0.495,F,"DAL,LAC,LAL,MIA"
182,Walter Davis,76.9,1977-78,1991-92,23-37,1033,373,6,27.9,7.9,15.4,7.7,14.8,0.2,0.7,3,3.6,0.9,2.1,3,3.8,1.2,0.1,2.5,2.4,18.9,0.511,0.521,0.272,0.851,0.558,0.516,G-F,"DEN,PHO,POR"
183,Brad Miller,76.5,1998-99,2011-12,22-35,868,598,2,28.3,4,8.3,3.7,7.6,0.2,0.7,3,3.8,2,5.2,7.1,2.8,0.7,0.7,1.6,2.7,11.2,0.48,0.494,0.33,0.804,0.564,0.494,C-F,"CHH,CHI,HOU,IND,MIN,SAC"
184,Andre Drummond,76.4,2012-13,2024-25,19-31,898,657,2,26.8,5.3,9.7,5.2,9.5,0,0.1,2,4.1,4.2,8,12.2,1.2,1.3,1.3,1.8,2.9,12.5,0.542,0.549,0.121,0.485,0.544,0.543,C,"BRK,CHI,CLE,DET,LAL,PHI"
185,Gail Goodrich,76.3,1965-66,1978-79,22-35,1031,,5,32.5,7.2,15.8,7.2,15.8,,,4.2,5.2,1.1,2.7,3.2,4.7,1.3,0.2,2.5,2.7,18.6,0.456,0.456,,0.807,0.514,0.456,G,"LAL,NOJ,PHO"
186,David Lee,76,2005-06,2016-17,22-33,829,505,2,29.3,5.5,10.3,5.5,10.3,0,0,2.5,3.2,2.6,6.2,8.8,2.2,0.8,0.4,1.8,2.6,13.5,0.535,0.537,0.034,0.772,0.577,0.536,F-C,"BOS,DAL,GSW,NYK,SAS"
187,Shane Battier,75.7,2001-02,2013-14,23-35,977,705,0,30.7,3.1,7,1.8,3.6,1.3,3.3,1.2,1.6,1.3,2.9,4.2,1.8,1,0.9,0.9,2.3,8.6,0.437,0.486,0.384,0.743,0.559,0.529,F,"HOU,MEM,MIA"
188,Rolando Blackman,75.6,1981-82,1993-94,22-34,980,815,4,32.7,7,14.3,6.8,13.6,0.2,0.7,3.7,4.4,1.1,2.3,3.3,3,0.7,0.3,1.9,1.7,18,0.493,0.501,0.343,0.84,0.555,0.501,G,"DAL,NYK"
189,Kiki Vandeweghe,75.6,1980-81,1992-93,22-34,810,548,2,30.3,7.6,14.4,7.3,13.7,0.3,0.7,4.3,4.9,1.1,2.3,3.4,2.1,0.6,0.3,1.6,1.9,19.7,0.525,0.533,0.368,0.872,0.594,0.534,F,"DEN,LAC,NYK,POR"
190,Andrei Kirilenko,75.4,2001-02,2014-15,20-33,797,546,1,30,3.9,8.3,3.5,6.8,0.5,1.5,3.5,4.6,1.8,3.7,5.5,2.7,1.4,1.8,1.9,2,11.8,0.474,0.51,0.31,0.754,0.571,0.502,F,"BRK,MIN,UTA"
191,Bernard King,75.4,1977-78,1992-93,21-36,874,547,4,33.7,9,17.3,8.9,17.1,0,0.2,4.5,6.2,1.9,3.8,5.8,3.3,1,0.3,3.2,3.3,22.5,0.518,0.521,0.172,0.73,0.561,0.519,F,"GSW,NJN,NYK,UTA,WSB"
192,Dick Van Arsdale,75.2,1965-66,1976-77,22-33,921,198,3,34.5,5.9,12.7,5.9,12.7,,,4.6,5.8,0.7,3.9,4.1,3.3,0.9,0.2,,2.8,16.4,0.464,0.464,,0.79,0.537,0.464,G-F,"NYK,PHO"
193,Byron Scott,75.2,1983-84,1996-97,22-35,1073,717,0,28.1,5.5,11.4,4.8,9.5,0.7,2,2.3,2.8,0.6,2.2,2.8,2.5,1.1,0.3,1.5,1.9,14.1,0.482,0.505,0.37,0.833,0.556,0.514,G,"IND,LAL,VAN"
194,Cliff Hagan,75.1,1956-57,1965-66,25-34,745,,5,29.2,7,15.6,7,15.6,,,4,5,,,6.9,3,,,,3.2,18,0.45,0.45,,0.798,0.507,0.45,F-G,STL
195,Jack Twyman,75,1955-56,1965-66,21-31,823,,6,31.8,7.6,16.9,7.6,16.9,,,4.1,5.3,,,6.6,2.3,,,,3.4,19.2,0.45,0.45,,0.778,0.502,0.45,F-G,"CIN,ROC"
196,Willis Reed,74.9,1964-65,1973-74,22-31,650,613,7,35.5,7.5,15.7,7.5,15.7,,,3.8,5.1,2.5,12.9,12.9,1.8,0.6,1.1,,3.7,18.7,0.476,0.476,,0.747,0.523,0.476,C-F,NYK
197,Don Nelson,74.6,1962-63,1975-76,22-35,1053,,0,20.6,3.8,8,3.8,8,,,2.7,3.6,1.2,4.7,4.9,1.4,0.3,0.1,,2.3,10.3,0.48,0.48,,0.765,0.544,0.48,F,"BOS,CHZ,LAL"
198,Michael Cage,74.4,1984-85,1999-00,23-38,1140,733,0,26.1,2.9,5.7,2.9,5.6,0,0,1.4,2.2,2.8,4.8,7.6,0.9,0.9,0.6,1,2.3,7.3,0.515,0.517,0,0.664,0.549,0.515,F-C,"CLE,LAC,NJN,PHI,SEA"
199,Tobias Harris,74.2,2011-12,2024-25,19-32,955,835,0,31.7,6.2,12.9,4.8,9.2,1.4,3.7,2.4,2.9,1,5.1,6.2,2.4,0.8,0.6,1.4,2,16.1,0.478,0.523,0.366,0.836,0.568,0.53,F,"DET,LAC,MIL,ORL,PHI"
200,Luol Deng,74,2004-05,2018-19,19-33,902,828,2,34.3,5.7,12.5,5,10.3,0.7,2.2,2.7,3.5,1.6,4.4,6.1,2.3,1,0.5,1.6,1.7,14.8,0.456,0.482,0.332,0.769,0.528,0.485,F,"CHI,CLE,LAL,MIA,MIN"
